{
  "connectedglass:recipes/connectedglass/tinted_borderless_glass_lime2": {
    "criteria": {
      "has_the_recipe": "2021-09-24 07:53:54 +0200"
    },
    "done": true
  },
  "connectedglass:recipes/connectedglass/tinted_glass": {
    "criteria": {
      "has_the_recipe": "2021-09-24 07:53:54 +0200"
    },
    "done": true
  },
  "connectedglass:recipes/connectedglass/tinted_borderless_glass_light_blue2": {
    "criteria": {
      "has_the_recipe": "2021-09-24 07:53:54 +0200"
    },
    "done": true
  },
  "connectedglass:recipes/connectedglass/tinted_borderless_glass_pink2": {
    "criteria": {
      "has_the_recipe": "2021-09-24 07:53:54 +0200"
    },
    "done": true
  },
  "connectedglass:recipes/connectedglass/tinted_borderless_glass_brown2": {
    "criteria": {
      "has_the_recipe": "2021-09-24 07:53:54 +0200"
    },
    "done": true
  },
  "lootr:root": {
    "criteria": {
      "always_true": "2021-09-24 07:53:57 +0200"
    },
    "done": true
  },
  "connectedglass:recipes/connectedglass/tinted_borderless_glass1": {
    "criteria": {
      "has_the_recipe": "2021-09-24 07:53:54 +0200"
    },
    "done": true
  },
  "connectedglass:recipes/connectedglass/tinted_borderless_glass_gray2": {
    "criteria": {
      "has_the_recipe": "2021-09-24 07:53:54 +0200"
    },
    "done": true
  },
  "connectedglass:recipes/connectedglass/vanilla_tinted_glass": {
    "criteria": {
      "has_the_recipe": "2021-09-24 07:53:54 +0200"
    },
    "done": true
  },
  "connectedglass:recipes/connectedglass/tinted_borderless_glass_purple2": {
    "criteria": {
      "has_the_recipe": "2021-09-24 07:53:54 +0200"
    },
    "done": true
  },
  "connectedglass:recipes/connectedglass/tinted_borderless_glass_black2": {
    "criteria": {
      "has_the_recipe": "2021-09-24 07:53:54 +0200"
    },
    "done": true
  },
  "connectedglass:recipes/connectedglass/tinted_borderless_glass_magenta2": {
    "criteria": {
      "has_the_recipe": "2021-09-24 07:53:54 +0200"
    },
    "done": true
  },
  "minecraft:adventure/adventuring_time": {
    "criteria": {
      "minecraft:forest": "2021-09-24 07:53:54 +0200"
    },
    "done": false
  },
  "connectedglass:recipes/connectedglass/tinted_borderless_glass_yellow2": {
    "criteria": {
      "has_the_recipe": "2021-09-24 07:53:54 +0200"
    },
    "done": true
  },
  "connectedglass:recipes/connectedglass/tinted_borderless_glass_white2": {
    "criteria": {
      "has_the_recipe": "2021-09-24 07:53:54 +0200"
    },
    "done": true
  },
  "connectedglass:recipes/connectedglass/clear_glass_pane3": {
    "criteria": {
      "has_the_recipe": "2021-09-24 07:53:54 +0200"
    },
    "done": true
  },
  "connectedglass:recipes/connectedglass/borderless_glass_pane3": {
    "criteria": {
      "has_the_recipe": "2021-09-24 07:53:54 +0200"
    },
    "done": true
  },
  "framedblocks:recipes/framed_blocks/framed_pane": {
    "criteria": {
      "has_the_recipe": "2021-09-24 07:53:54 +0200"
    },
    "done": true
  },
  "connectedglass:recipes/connectedglass/scratched_glass_pane3": {
    "criteria": {
      "has_the_recipe": "2021-09-24 07:53:54 +0200"
    },
    "done": true
  },
  "connectedglass:recipes/connectedglass/tinted_borderless_glass_blue2": {
    "criteria": {
      "has_the_recipe": "2021-09-24 07:53:54 +0200"
    },
    "done": true
  },
  "connectedglass:recipes/connectedglass/tinted_borderless_glass_red2": {
    "criteria": {
      "has_the_recipe": "2021-09-24 07:53:54 +0200"
    },
    "done": true
  },
  "connectedglass:recipes/connectedglass/tinted_borderless_glass_orange2": {
    "criteria": {
      "has_the_recipe": "2021-09-24 07:53:54 +0200"
    },
    "done": true
  },
  "connectedglass:recipes/connectedglass/tinted_borderless_glass_light_gray2": {
    "criteria": {
      "has_the_recipe": "2021-09-24 07:53:54 +0200"
    },
    "done": true
  },
  "connectedglass:recipes/connectedglass/tinted_borderless_glass_green2": {
    "criteria": {
      "has_the_recipe": "2021-09-24 07:53:54 +0200"
    },
    "done": true
  },
  "connectedglass:recipes/connectedglass/tinted_borderless_glass_cyan2": {
    "criteria": {
      "has_the_recipe": "2021-09-24 07:53:54 +0200"
    },
    "done": true
  },
  "framedblocks:recipes/framed_blocks/framed_bars": {
    "criteria": {
      "has_the_recipe": "2021-09-24 07:53:54 +0200"
    },
    "done": true
  },
  "DataVersion": 2586
}